index,id
1,E2BNUKYW
2,C7LDUBAQ
3,6TMZ7TXS
4,5GN6W4FJ
5,4X8C0U9M
6,OGQFV36K
7,4ZCWMWIU
8,OUWH0S83
9,CTEZ3U6J
10,3CGPB7SN
11,55L5W9AG
12,HWNJSGQD
13,XDGHP740
14,VY37SV4E
15,UKEZ5EJE
16,Q8RXRODK
17,NM60G1CH
18,EJJ7OZ28
19,UF9B46LB
20,5EXID1DG
21,W9126HNG
22,N00WUIGM
23,MKQVZ20Q
24,1CY146AJ
25,WCT0TALT
26,5UYRZFVR
27,3QW10WOI
28,DB2MFV8V
29,BO9TFSKN
30,HH3MZ49R
31,H4NESJ8F
32,3A2HJLB2
33,NVXEDRJG
34,5S5WMBQJ
35,MFBPMOUF
36,D8OFHPRY
37,S8Q6IJXW
38,SKB8G7WG
39,PR40KDZ1
40,97NKBOKQ
41,JMBP05YX
42,HPG5V8Y6
43,BAWPUWWP
44,Q42UY9MZ
45,G1C0ZW9B
46,MXO7UYOE
47,BOFQV892
48,4AM8VT1X
49,CTF7C4HO
50,Q1J0G53M
51,3L6NGZE7
52,ND2NK04M
53,1N55J9S3
54,YHZHPMQW
55,0EGH1UKF
56,UZNUUIWZ
57,42AA86OK
58,X2IVDN5F
59,NJ7KCZ6M
60,C4GQQARN
61,14LK3Z68
62,AR46JGJ3
63,ONFPO0LC
64,UN115HVP
65,JOH3T8P8
